,Accuracy,Percent
0,0.8935064935064935,0.7
1,0.8805194805194805,0.6
2,0.8768831168831169,0.5
3,0.8528138528138528,0.4
4,0.8278293135435992,0.3
5,0.7951298701298701,0.2
6,0.5532467532467532,0.1
