,Accuracy,Embed,Label
0,0.7759656652360515,netAE,CellType1
1,0.9184549356223176,netAE,Gender2
